<?xml version="1.0" encoding="UTF-8"?>
<project-private xmlns="http://www.netbeans.org/ns/project-private/1">
    <editor-bookmarks xmlns="http://www.netbeans.org/ns/editor-bookmarks/2" lastBookmarkId="0"/>
    <open-files xmlns="http://www.netbeans.org/ns/projectui-open-files/2">
        <group>
            <file>file:/D:/proyectos%20netbeans/FERRETERIAPOO/src/FrmRegistrarProducto.java</file>
            <file>file:/D:/proyectos%20netbeans/FERRETERIAPOO/src/FrmVentas.java</file>
            <file>file:/D:/proyectos%20netbeans/FERRETERIAPOO/src/Conexion.java</file>
            <file>file:/D:/proyectos%20netbeans/FERRETERIAPOO/src/RegistrarProveedor.java</file>
            <file>file:/D:/proyectos%20netbeans/FERRETERIAPOO/src/Login.java</file>
            <file>file:/D:/proyectos%20netbeans/FERRETERIAPOO/src/RegistrarEmpleado.java</file>
            <file>file:/D:/proyectos%20netbeans/FERRETERIAPOO/src/RegistrarCliente.java</file>
        </group>
    </open-files>
</project-private>
